,MeltWater_Cl,MeltWater_F,sample
0,2.2881768528232436,2.4547590771749785,Ap1
1,0.9871789581151248,0.9432273762140181,Ap2
2,1.1459758012858487,1.8722573609427269,Ap3
